time_step,timestamp,P_cmd,total_P_actual,total_available_energy,total_available_power,P_氢燃料电池,SOC_氢燃料电池,E_available_氢燃料电池,P_铁硫电池,SOC_铁硫电池,E_available_铁硫电池,P_钠电池,SOC_钠电池,E_available_钠电池,P_钒液流电池,SOC_钒液流电池,E_available_钒液流电池
0,2025-12-13 09:28:13.740879,45.664023992813085,45.664300908460085,202.0,88,25.566427866279597,79.99377036358034,95.9925244362964,1.9660992147473266,84.9940637101004,8.499406371010041,17.132441089868866,89.99514386590423,89.99514386590423,0.999332737564296,74.99691563969887,7.499691563969887
1,2025-12-13 09:28:14.740879,52.75509358252905,52.75509358252905,201.98676623718055,88,28.666805536487452,79.98678527451199,95.98414232941438,2.189816432168095,84.98745194551053,8.498745194551052,19.907637330328345,89.9895011115589,89.9895011115589,1.99083428354516,74.99077108944101,7.4990771089441015
2,2025-12-13 09:28:15.740879,52.77044878247038,52.77044878247038,201.97146574446845,88,28.675122409167113,79.97979815891522,95.97575779069825,2.190443428901428,84.98083828781456,8.498083828781457,19.913483958555187,89.98385670000602,89.98385670000602,1.9913989858466588,74.98462479627482,7.498462479627481
3,2025-12-13 09:28:16.740879,58.39395863993215,58.390404181849554,201.9561607991132,88,32.51919958570478,79.97187437733974,95.9662492528077,2.8798061042514846,84.97214322107467,8.497214322107467,19.999999999978325,89.97818776576565,89.97818776576565,2.991398491914956,74.97539208488001,7.497539208488001
4,2025-12-13 09:28:17.740879,61.63148089726399,61.607830002713825,201.93919054916884,88,35.938002054915735,79.96311755422695,95.95574106507235,2.7076766652613435,84.96396786882448,8.496396786882448,19.962151282540834,89.97252955961982,89.97252955961982,2.999999999995911,74.96613282562076,7.496613282562076
5,2025-12-13 09:28:18.740879,65.12864375770675,65.14097018670067,201.92128069413667,88,38.718833918215026,79.9536831405042,95.94441976860503,3.4487289299493997,84.95355503992971,8.49535550399297,19.97340733853628,89.96686816298191,89.96686816298191,2.999999999999973,74.95687356636151,7.49568735663615
6,2025-12-13 09:28:19.740879,69.89251218148856,69.91752464566768,201.90233079221605,88,42.301551210353146,79.9433757449851,95.93205089398212,4.663593745138196,84.93947414094076,8.493947414094077,19.952379690176375,89.9612127265618,89.9612127265618,2.9999999999999734,74.94761430710226,7.494761430710226
7,2025-12-13 09:28:20.740879,67.22474304913413,67.21387178325631,201.8819724653482,88,41.301551210353146,79.93331201418336,95.91997441702003,3.2347924195348967,84.92970725561608,8.492970725561609,19.99943134180094,89.95554395350572,89.95554395350572,2.6780968115673267,74.93934857620236,7.493934857620236
8,2025-12-13 09:28:21.740879,75.81823556238216,75.8157437710153,201.8624239537076,88,48.98294491744853,79.92137659875513,95.90565191850617,3.920336367288227,84.91787049122209,8.491787049122209,20.0,89.94987501926536,89.94987501926536,2.912462486278551,74.93035949445459,7.493035949445459
9,2025-12-13 09:28:22.740879,76.56784256930914,76.56446520047412,201.8403499363392,88,49.6537904390347,79.9092777219425,95.89113326633101,3.9750493349269775,84.90586853066978,8.490586853066977,20.0,89.944206085025,89.944206085025,2.9356254265124258,74.92129892215054,7.492129892215054
10,2025-12-13 09:28:23.740879,72.27116139141157,72.2484162710317,201.81805609663803,88,45.18308023301048,79.89826819946857,95.87792183936229,4.2676106259721225,84.89298323288605,8.489298323288605,19.797725412049093,89.93859448485152,89.93859448485152,2.9999999999999964,74.91203966289129,7.491203966289128
11,2025-12-13 09:28:24.740879,79.5125718465897,79.50006345021085,201.79701861379155,88,52.27680675780268,79.88553018612603,95.86263622335123,4.22442530547211,84.88022832556277,8.488022832556277,19.99883138693605,89.9329258818507,89.9329258818507,2.9999999999999964,74.90278040363204,7.490278040363204
12,2025-12-13 09:28:25.740879,79.85132120579392,79.84743504530987,201.7738629781214,88,52.593297758627855,79.87271505509322,95.84725806611186,4.254203846857631,84.86738350718457,8.486738350718458,20.0,89.92725694761033,89.92725694761033,2.999933439824375,74.89352134980541,7.489352134980542
13,2025-12-13 09:28:26.740879,83.47639496350291,83.46410468496188,201.7506054994212,88,55.8899989886876,79.85909663428701,95.83091596114441,4.575336665508762,84.85356908488532,8.485356908488534,19.99876903076551,89.92158836228415,89.92158836228415,2.9999999999999982,74.88426209054616,7.488426209054616
14,2025-12-13 09:28:27.740879,83.59290791954473,83.5820863422598,201.7262874409717,88,56.000515920160645,79.84545128440394,95.81454154128473,4.582154112386894,84.83973407850735,8.483973407850735,19.999416309712252,89.91591959348888,89.91591959348888,2.9999999999999964,74.8750028312869,7.487500283128691
15,2025-12-13 09:28:28.740879,83.40901516595747,83.4059417324739,201.70193482575306,88,55.842200521397544,79.83184451039774,95.7982134124773,4.563917590675753,84.82595413409106,8.482595413409106,20.0,89.91025065924852,89.91025065924852,2.9998236204006066,74.86574411640913,7.4865744116409125
16,2025-12-13 09:28:29.740879,75.78380590696553,75.77812070471835,201.67763389677583,88,48.950846990076315,79.81991691610192,95.7839002993223,3.9096272081805004,84.81414970411467,8.481414970411468,20.0,89.90458172500816,89.90458172500816,2.917646506461533,74.85673903459906,7.485673903459906
17,2025-12-13 09:28:30.740879,82.45194170967189,82.44565037453378,201.65557089820183,88,54.96940962921003,79.80652281044178,95.76782737253014,4.481209892204962,84.80061948101019,8.480061948101019,19.999999999999996,89.8989127907678,89.8989127907678,2.995030853118798,74.84749511221288,7.484749511221288
18,2025-12-13 09:28:31.740879,79.88951015573619,79.88951015573619,201.63155162262024,88,52.63725504097326,79.79369696857019,95.75243636228423,4.252255114762937,84.78778054648494,8.478778054648494,20.0,89.89324385652743,89.89324385652743,3.0,74.83823585295363,7.4838235852953625
19,2025-12-13 09:28:32.740879,74.9741781303308,74.97405887672508,201.60828185875553,88,48.23260708325904,79.78194438399824,95.73833326079789,3.846038141850862,84.77616811248177,8.477616811248176,19.999999999999993,89.88757492228707,89.88757492228707,2.8954136516151876,74.82929939106593,7.482929939106593
20,2025-12-13 09:28:33.740879,78.03686613814605,78.02568534498178,201.58645493343974,88,50.955913897088976,79.76952822564125,95.7234338707695,4.101219216982984,84.76378520421794,8.476378520421793,19.999645932836334,89.88190608840588,89.88190608840588,2.968906298073492,74.8201361000225,7.48201361000225
21,2025-12-13 09:28:34.740879,77.32013398050057,77.3135347337206,201.5637320895994,88,50.32311104371266,79.75726625901267,95.7087195108152,4.03524972911577,84.75160147919041,8.475160147919041,19.999517234242358,89.87623729100389,89.87623729100389,2.9556567266498233,74.81101370271801,7.481101370271801
22,2025-12-13 09:28:35.740879,77.80441966795574,77.79964800146746,201.54121832000993,88,50.75206421650996,79.74489977163047,95.69387972595656,4.077595588271059,84.73928989830794,8.473928989830794,19.999994127013167,89.8705683584282,89.8705683584282,2.9699940696732763,74.80184705435482,7.480184705435482
23,2025-12-13 09:28:36.740879,76.1444974403175,76.13300498237456,201.51856177965104,88,49.26074307695053,79.73289666659223,95.67947599991066,3.939509032006779,84.72739524543353,8.472739524543352,19.999988762813935,89.86489942737298,89.86489942737298,2.932764110603297,74.79279531327272,7.479279531327272
24,2025-12-13 09:28:37.740879,72.31279639213388,72.30905180035133,201.4963944831543,88,45.859942485912214,79.72172221666875,95.66606666000251,3.6362899504784316,84.71641610910962,8.471641610910961,19.99925097932769,89.85923070544005,89.85923070544005,2.8135683846330037,74.78411146023373,7.478411146023372
25,2025-12-13 09:28:38.740879,67.0504345557497,67.04703865399814,201.4753501223769,88,41.19297484552141,79.71168494209626,95.6540219305155,3.230175652211999,84.7066631632998,8.470666316329979,19.99982424228515,89.85356182101764,89.85356182101764,2.624063913979589,74.77601249753626,7.477601249753626
26,2025-12-13 09:28:39.740879,68.88105523750265,68.87828225393419,201.45585131761675,88,42.815556365687605,79.70125230165627,95.64150276198752,3.3690520803053317,84.69649090460322,8.469649090460322,19.999859108691478,89.84789292671245,89.84789292671245,2.6938146992497747,74.76769825463734,7.476769825463734
27,2025-12-13 09:28:40.740879,61.2782980218704,61.27234442029645,201.43581460462406,88,36.08179955788755,79.69246044016556,95.63095252819866,2.801750830432386,84.68803151199926,8.468803151199925,19.999999982196503,89.84222399247713,89.84222399247713,2.388794049780019,74.76032543349604,7.4760325433496035
28,2025-12-13 09:28:41.740879,60.52991905499014,60.51422730676861,201.4180122152253,88,35.086664670163344,79.68391105793599,95.62069326952319,2.980551253984677,84.679032263044,8.467903226304399,19.999961922447913,89.83655506902973,89.83655506902973,2.44704946017267,74.75277281170538,7.475277281170538
29,2025-12-13 09:28:42.740879,61.18556203155384,61.17225333520078,201.40042884602786,88,35.94303349278965,79.6751530088393,95.61018361060717,2.8254546873079884,84.67050130082386,8.467050130082384,19.999999999999275,89.83088613478937,89.83088613478937,2.4037651551038612,74.74535378344889,7.474535378344889
30,2025-12-13 09:28:43.740879,54.89149060562968,54.89198478562519,201.3826552538238,88,30.46505390715817,79.66772975008999,95.60127570010799,2.3360443074661865,84.66344802694866,8.466344802694866,19.999929828868645,89.82521722043879,89.82521722043879,2.0909567421321893,74.73890021325712,7.473890021325712
31,2025-12-13 09:28:44.740879,47.69591719578979,47.69591719578979,201.36672774456736,88,25.898030347127964,79.66141931384556,95.59370317661467,1.9771653815358396,84.65747832470971,8.46574783247097,18.021675940966794,89.82010903564826,89.82010903564826,1.7990455261591933,74.73334760360848,7.4733347603608475
32,2025-12-13 09:28:45.740879,52.689302873396365,52.68930287339637,201.35289480509473,88,28.609324930459795,79.65444823077283,95.5853378769274,2.184149566077976,84.65088367022277,8.465088367022277,19.90845038362763,89.81446605084564,89.81446605084564,1.9873779932309659,74.72721372091333,7.472721372091332
33,2025-12-13 09:28:46.740879,45.62674819661352,45.62674819661351,201.33761366688665,88,24.774463789467326,79.64841156805609,95.5780938816673,1.8913738185857116,84.64517300048067,8.464517300048067,17.239936584361576,89.8095794475054,89.8095794475054,1.7209740041989012,74.72190207275221,7.472190207275221
34,2025-12-13 09:28:47.740879,39.44946810483981,39.44946810483981,201.324380836496,88,21.42029959611469,79.64319219680948,95.57183063617137,1.6352991727984634,84.64023550297826,8.464023550297826,14.905902863044913,89.80535441834921,89.80535441834921,1.4879664728817437,74.71730958363838,7.471730958363838
35,2025-12-13 09:28:48.740879,43.384718876392924,43.38471887639292,201.31293956318225,88,23.5570480554431,79.63745217535347,95.56494261042417,1.798420750263545,84.63480548863568,8.463480548863568,16.39286178686165,89.80070791557516,89.80070791557516,1.636388283824624,74.71225900251547,7.471225900251547
36,2025-12-13 09:28:49.740879,37.056969174112915,37.056969174112915,201.30035697511445,88,20.121188842928362,79.63254935156134,95.5590592218736,1.5361113955163999,84.63016747113714,8.463016747113715,14.00195978547248,89.79673910611216,89.79673910611216,1.3977091501956709,74.70794508538523,7.470794508538523
37,2025-12-13 09:28:50.740879,35.553973256711494,35.553973256711494,201.28960958363797,88,19.305079405636228,79.62784538484456,95.55341446181347,1.473803222738755,84.6257175821796,8.46257175821796,13.434078270992613,89.79293126079725,89.79293126079725,1.3410123573439028,74.7038061583564,7.47038061583564
38,2025-12-13 09:28:51.740879,29.624931419499504,29.624931419499507,201.27929809666432,88,16.08572079893257,79.62392586223274,95.54871103467929,1.2280253123870462,84.62200977628471,8.462200977628472,11.193808094917378,89.78975841269778,89.78975841269778,1.1173772132625115,74.70035746325374,7.470035746325374
39,2025-12-13 09:28:52.740879,28.55952580894914,28.55952580894914,201.27070617133091,88,15.507219462989756,79.62014729998542,95.5441767599825,1.1838584942499737,84.61843532430932,8.461843532430931,10.791259542617222,89.78669966566189,89.78669966566189,1.0771883090921865,74.69703280797876,7.469703280797876
40,2025-12-13 09:28:53.740879,27.387551937230956,27.387551937230956,201.26242323887323,88,14.870854744893418,79.61652379736726,95.53982855684072,1.1352745323019333,84.6150075630403,8.461500756304028,10.348442214095202,89.78376643374179,89.78376643374179,1.0329804459403995,74.69384459672585,7.469384459672586
41,2025-12-13 09:28:54.740879,26.635866897397797,26.635866897397797,201.25448020655915,88,14.462698712903464,79.61299974797328,95.53559969756793,1.1041127935603174,84.6116738891467,8.46116738891467,10.064430251642195,89.78091370407863,89.78091370407863,1.004625139291822,74.69074390185149,7.469074390185149
42,2025-12-13 09:28:55.740879,25.271461082197504,25.271461082197504,201.2467551807464,88,13.72184932576573,79.60965621743581,95.53158746092296,1.0475527761042926,84.60851098825266,8.460851098825266,9.548898730620929,89.77820710013005,89.77820710013005,0.9531602497065527,74.68780204922894,7.4687802049228935
43,2025-12-13 09:28:56.740879,19.53324634200429,19.533246342004286,201.23942586480115,88,10.606119693756431,79.60707188027847,95.52848625633416,0.8096904100662159,84.60606627083096,8.460606627083095,7.380706082232435,89.77611506325867,89.77611506325867,0.7367301559492028,74.68552819072292,7.468552819072292
44,2025-12-13 09:28:57.740879,18.169011753278536,18.169011753278536,201.23376076574823,88,9.865367085333101,79.60466803839607,95.52560164607529,0.753138947911216,84.60379230057761,8.460379230057761,6.865231922020994,89.77416913584314,89.77416913584314,0.6852737980132237,74.68341314813645,7.468341314813646
45,2025-12-13 09:28:58.740879,16.331717256028547,16.331717256028547,201.22849132678982,88,8.867754355078278,79.60250727953762,95.52300873544513,0.6769786004362904,84.60174828306421,8.460174828306421,6.171008631410724,89.77241998373673,89.77241998373673,0.615975669103254,74.68151198866391,7.468151198866392
46,2025-12-13 09:28:59.740879,16.896539120412488,16.896539120412488,201.22375474635467,88,9.174437195744277,79.60027179289148,95.52032615146977,0.700390432753923,84.5996335776513,8.45996335776513,6.384434174323301,89.77061033686192,89.77061033686192,0.6372773175909888,74.67954508336271,7.467954508336271
47,2025-12-13 09:29:00.740879,23.343668260602563,23.343668260602563,201.21885435443312,88,12.675078110515152,79.5971833235663,95.51661998827956,0.9676334793783854,84.59671197898169,8.45967119789817,8.820518691311555,89.76811018984057,89.76811018984057,0.8804379793974709,74.67682768219173,7.467682768219173
48,2025-12-13 09:29:01.740879,21.627549142037406,21.627549142037406,201.21208414423745,88,11.743259726838067,79.5943219055042,95.51318628660505,0.8964956245214417,84.59400516852118,8.459400516852117,8.172084253547979,89.76579383942857,89.76579383942857,0.8157095371299166,74.67431006016355,7.467431006016355
49,2025-12-13 09:29:02.740879,23.02773128964369,23.02773128964369,201.20581164890206,88,12.50352142291286,79.59127523849082,95.50953028618899,0.9545334904411583,84.59112312295825,8.459112312295826,8.701159907849213,89.76332752426194,89.76332752426194,0.8685164684404617,74.67162945377947,7.467162945377948
50,2025-12-13 09:29:03.740879,-37.37924611587232,-37.37924611587231,201.1991330681247,88,-18.825323438001607,79.58713541041996,95.50456249250395,-1.568799879639273,84.58711396771028,8.458711396771028,-15.4284566313447,89.7591275555123,89.7591275555123,-1.5566661668867374,74.66773778836226,7.4667737788362265
51,2025-12-13 09:29:04.740879,-38.7440843700739,-38.7440843700739,201.1891752236235,88,-19.51262359856611,79.58284443995268,95.49941332794322,-1.6260553149975414,84.58295849301639,8.458295849301638,-15.991940194998364,89.75477419401477,89.75477419401477,-1.613465261511886,74.66370412520848,7.466370412520849
52,2025-12-13 09:29:05.740879,-37.768644661538275,-37.768644661538275,201.17885378378048,88,-19.02128982944219,79.57866151742074,95.49439382090489,-1.5850901311103232,84.57890770712578,8.457890770712579,-15.589461081802279,89.75053039627583,89.75053039627583,-1.5728036191834829,74.65977211616053,7.465977211616053
53,2025-12-13 09:29:06.740879,-40.51351478029759,-40.51351478029759,201.16879219950937,88,-20.40360117977587,79.57417461438352,95.48900953726022,-1.7002599310769846,84.57456259841302,8.457456259841303,-16.72258722237768,89.74597813642086,89.74597813642086,-1.6870664470670589,74.65555445004286,7.465555445004286
54,2025-12-13 09:29:07.740879,-40.50897583615971,-40.50897583615971,201.15799937852668,88,-20.401231690794976,79.56968823241448,95.48362587889739,-1.7000393737098112,84.57021805334688,8.457021805334687,-16.720872454053804,89.74142634336393,89.74142634336393,-1.6868323176011228,74.65133736924885,7.465133736924885
55,2025-12-13 09:29:08.740879,-40.36089086073727,-40.36089086073727,201.14720776452089,88,-20.32656954950963,79.56521826920336,95.47826192304402,-1.693794752966272,84.56588946675596,8.456588946675597,-16.65990556792424,89.73689114684821,89.73689114684821,-1.680620990337125,74.647135816773,7.4647135816773
56,2025-12-13 09:29:09.740879,-39.995277955582644,-39.995277955582644,201.1364555982451,88,-20.142357291565794,79.56078881563229,95.47294657875875,-1.6784218060515688,84.56160016658494,8.456160016658494,-16.50914626802909,89.73239699036414,89.73239699036414,-1.6653525899361925,74.64297243529816,7.464297243529816
57,2025-12-13 09:29:10.740879,-41.16320846415317,-41.16320846415317,201.12580082931117,88,-20.73046484357862,79.55623003285419,95.46747603942504,-1.7274044700959414,84.5571856884947,8.45571856884947,-16.991400616058662,89.72777155352976,89.72777155352976,-1.713938534419949,74.63868758896211,7.463868758896211
58,2025-12-13 09:29:11.740879,-39.18236293351109,-39.18236293351109,201.11483492070047,88,-19.732796657421034,79.55189064470035,95.46226877364042,-1.6442492508961966,84.55298371818685,8.455298371818685,-16.173900468128334,89.72336865840232,89.72336865840232,-1.631416557065519,74.63460904756946,7.463460904756945
59,2025-12-13 09:29:12.740879,-35.664240475520664,-35.664240475520664,201.10439670861837,88,-17.960949017416535,79.54794089896735,95.45752907876081,-1.4965891630159671,84.54915910143693,8.454915910143693,-14.721806383052792,89.7193610555536,89.7193610555536,-1.4848959120353713,74.63089680778937,7.463089680778937
60,2025-12-13 09:29:13.740879,-34.50201556751108,-34.50201556751108,201.09489572523708,88,-17.37557579384068,79.54411988114232,95.45294385737078,-1.447795887131401,84.54545917861425,8.454545917861424,-14.242171443734154,89.71548401999392,89.71548401999392,-1.4364724428048408,74.62730562668236,7.462730562668236
61,2025-12-13 09:29:14.740879,-33.41193216876994,-33.41193216876994,201.08570435789437,88,-16.82653986198925,79.54041960038563,95.44850352046276,-1.4020320453669277,84.54187620783165,8.454187620783165,-13.792304436327704,89.7117294482307,89.7117294482307,-1.3910558250860525,74.62382798711964,7.462382798711964
62,2025-12-13 09:29:15.740879,-31.217539384719476,-31.217539384719476,201.07680338818858,88,-15.721371611755051,79.5369623543136,95.44435482517632,-1.3099318536754867,84.5385286042056,8.45385286042056,-12.88656893226526,89.70822143779914,89.70822143779914,-1.2996669870236774,74.62057881965208,7.462057881965208
63,2025-12-13 09:29:16.740879,-28.312248839764887,-28.312248839764887,201.06848700536125,88,-14.258202083838343,79.53382687005906,95.44059224407087,-1.188005643506294,84.5354925897833,8.453549258978331,-11.687353098845104,89.70503988056667,89.70503988056667,-1.1786880135751434,74.61763209961815,7.4617632099618145
64,2025-12-13 09:29:17.740879,-28.35707148501789,-28.35707148501789,201.0609445935777,88,-14.280734283651142,79.53068643080687,95.43682371696823,-1.1898717888513013,84.53245180632291,8.45324518063229,-11.705933335670766,89.70185326538085,89.70185326538085,-1.1805320768446823,74.61468076942603,7.461468076942603
65,2025-12-13 09:29:18.740879,-27.702754188337543,-27.702754188337543,201.05339023992397,88,-13.95117764460995,79.52761846350076,95.43314215620092,-1.1624020953263576,84.52948122319042,8.452948122319041,-11.435903729137259,89.69874015825458,89.69874015825458,-1.1532707192639742,74.61179759262787,7.461179759262787
66,2025-12-13 09:29:19.740879,-25.346084077372865,-25.34608407737287,201.04601019603734,88,-12.764316968933903,79.52481149564879,95.42977379477855,-1.0635038778792147,84.52676337994694,8.452676337994694,-10.463120330773,89.69589186438675,89.69589186438675,-1.055142899786748,74.6091597353784,7.46091597353784
67,2025-12-13 09:29:20.740879,-21.41647115911052,-21.416471159110518,201.03925797069786,88,-10.785331889235781,79.522439721275,95.42692766553,-0.898610184555388,84.52446693169752,8.452446693169751,-8.840988559060348,89.69348515083456,89.69348515083456,-0.8915405262590038,74.60693088406275,7.460693088406275
68,2025-12-13 09:29:21.740879,-20.23721418398264,-20.23721418398264,201.0335525979406,88,-10.191436277889801,79.52019854894537,95.42423825873445,-0.8491220355890254,84.52229695316213,8.452229695316213,-8.35421816865117,89.69121094699976,89.69121094699976,-0.8424377018526404,74.60482478980812,7.460482478980812
69,2025-12-13 09:29:22.740879,-20.419758204099324,-20.419758204099324,201.02816138003126,88,-10.283344286217673,79.51793716536392,95.4215245984367,-0.8567737682707001,84.52010742019877,8.452010742019876,-8.429614776983298,89.6889162185327,89.6889162185327,-0.850025372627653,74.60269972637656,7.460269972637655
70,2025-12-13 09:29:23.740879,44.33318242787103,44.33318242787103,201.02272153162693,88,24.07449786946334,79.51207105964524,95.41448527157429,1.8377431976007093,84.51455867866012,8.451455867866013,16.74895228524975,89.6841687830777,89.6841687830777,1.671989075557231,74.5975392662668,7.459753926626681
71,2025-12-13 09:29:24.740879,44.731113126755695,44.731113126755695,201.0098638491447,88,24.290568981473353,79.50615230502012,95.40738276602416,1.8542311731898027,84.50896015458648,8.450896015458648,16.899326859573254,89.67937872444404,89.67937872444404,1.6869861125192833,74.59233251900595,7.459233251900596
72,2025-12-13 09:29:25.740879,43.38920177038818,43.389201770388176,200.99689075782746,88,23.561844853323517,79.50041111475372,95.40049333770446,1.7985978655549453,84.5035296054755,8.45035296054755,16.392392054898238,89.67473235481397,89.67473235481397,1.636366996611475,74.5872820035843,7.458728200358431
73,2025-12-13 09:29:26.740879,40.42499684734661,40.42499684734662,200.98430685342439,88,21.952161342671463,79.49506214756495,95.39407457707794,1.6757170990198873,84.4984700731717,8.449847007317171,15.272551887692002,89.67040340019727,89.67040340019727,1.5245665179632617,74.58257655136838,7.458257655136837
74,2025-12-13 09:29:27.740879,37.35738029381172,37.35738029381172,200.97258263972924,88,20.28632541591752,79.49011908581643,95.38814290297972,1.5485510599068169,84.4937944963,8.44937944963,14.113635800803724,89.66640293653491,89.66640293653491,1.4088680171836585,74.57822819329066,7.457822819329065
75,2025-12-13 09:29:28.740879,36.568722423073396,36.5687224230734,200.9617481084737,88,19.858044029383265,79.4852803811309,95.38233645735708,1.5158542111207107,84.48921764179782,8.448921764179783,13.815706309032358,89.66248692000741,89.66248692000741,1.3791178735370673,74.57397165664393,7.457397165664394
76,2025-12-13 09:29:29.740879,34.8086956222043,34.8086956222043,200.95114230720867,88,18.902277902910697,79.48067456292844,95.37680947551414,1.4428924376729222,84.48486108250533,8.448486108250533,13.150790177237132,89.65875937177123,89.65875937177123,1.3127351043835476,74.5699200050872,7.45699200050872
77,2025-12-13 09:29:30.740879,33.83025417769873,33.83025417769872,200.9410469560446,88,18.3709401505096,79.47619821298923,95.37143785558709,1.4023295933378865,84.48062699556893,8.448062699556893,12.781155435090229,89.65513659528736,89.65513659528736,1.2758289987610099,74.56598226126385,7.456598226126385
78,2025-12-13 09:29:31.740879,33.38245854051814,33.38245854051814,200.9312353765577,88,18.127761322224156,79.47178111715048,95.36613734058058,1.3837633548298816,84.47644896611594,8.447644896611594,12.61199846419156,89.6515617657907,89.6515617657907,1.2589353992725392,74.56209665817968,7.456209665817969
79,2025-12-13 09:29:32.740879,33.59244621900906,33.59244621900906,200.92155366880084,88,18.241780465581236,79.4673362388694,95.36080348664326,1.3924635122703457,84.47224466807164,8.447224466807164,12.691353676357354,89.64796444332008,89.64796444332008,1.2668485648001253,74.55818663174512,7.455818663174512
80,2025-12-13 09:29:33.740879,28.705272175487607,28.70527217548761,200.91181105994502,88,15.587878062278318,79.46353802296728,95.35624562756074,1.1898782891695157,84.46865204038694,8.446865204038694,10.84497900766569,89.64489046967844,89.64489046967844,1.0825368163740838,74.55484546873161,7.455484546873161
81,2025-12-13 09:29:34.740879,29.472453790910063,29.472453790910066,200.90348584815104,88,16.00447384159485,79.45963829737235,95.35156595684681,1.221675985193091,84.46496340516595,8.446496340516594,11.134839619195516,89.64173433599953,89.64173433599953,1.111464344926609,74.55141502322257,7.455141502322258
82,2025-12-13 09:29:35.740879,25.224550978249543,25.224550978249543,200.89493813568518,88,13.697721072008415,79.45630064603901,95.34756077524682,1.0455914553750856,84.46180642613402,8.446180642613403,9.52997486945855,89.63903309595716,89.63903309595716,0.9512635814074922,74.54847902451452,7.454847902451452
83,2025-12-13 09:29:36.740879,26.21805614789175,26.218056147891755,200.88762241626884,88,14.23721900145228,79.45283153809518,95.34339784571422,1.0867710919314029,84.45852511245064,8.445852511245064,9.905339124819369,89.63622546015081,89.63622546015081,0.9887269296887014,74.54542739818832,7.454542739818832
84,2025-12-13 09:29:37.740879,21.496546492553303,21.496546492553307,200.88001855692895,88,11.673287046025004,79.44998716990658,95.3399846038879,0.8910565167018972,84.45583472441713,8.445583472441713,8.121535070849756,89.63392343773845,89.63392343773845,0.8106678589766487,74.54292533689518,7.454292533689518
85,2025-12-13 09:29:38.740879,23.932109052007156,23.932109052007156,200.87378404775757,88,12.995867506473784,79.44682053552391,95.3361846426287,0.9920114462631816,84.45283952077503,8.445283952077503,9.041716176487084,89.63136059301722,89.63136059301722,0.9025139227831065,74.54013980009647,7.454013980009647
86,2025-12-13 09:29:39.740879,20.000212269479498,20.000212269479498,200.86684316773307,88,10.86072254568571,79.44417416063462,95.33300899276153,0.8290283322868985,84.45033641590702,8.445033641590701,7.556227455477446,89.62921880518971,89.62921880518971,0.7542339360294433,74.53781191757786,7.453781191757786
87,2025-12-13 09:29:40.740879,19.17421326577004,19.174213265770042,200.86104263129974,88,10.412176242809478,79.44163708065342,95.32996449678411,0.7947884257906759,84.4479366923992,8.44479366923992,7.2441662042467065,89.62716547009781,89.62716547009781,0.7230823929231813,74.53558018179723,7.453558018179724
88,2025-12-13 09:29:41.740879,23.037271824508384,23.037271824508387,200.85548165430157,88,12.509929244290017,79.43858885228006,95.32630662273608,0.9549140257180492,84.4450534978771,8.44450534978771,8.703667988697603,89.62469844402392,89.62469844402392,0.8687605658027162,74.53289882202624,7.453289882202624
89,2025-12-13 09:29:42.740879,21.61285107935359,21.61285107935359,200.84880029875035,88,11.736421189772932,79.43572910052816,95.3228749206338,0.8958687331598357,84.44234858020451,8.444234858020451,8.165519706986796,89.62238395431106,89.62238395431106,0.8150414494340283,74.53038326199712,7.453038326199711
90,2025-12-13 09:29:43.740879,17.61210979501162,17.61210979501162,200.84253205916502,88,9.563895901079745,79.43339871653667,95.32007845984401,0.7300336042409569,84.44014437246224,8.444014437246224,6.6540126856992865,89.62049789629357,89.62049789629357,0.6641676039916332,74.52833336198479,7.452833336198479
91,2025-12-13 09:29:44.740879,19.446002964336436,19.446002964336436,200.83742412958227,88,10.559750705773528,79.43082567786567,95.3169908134388,0.8060484023208103,84.43771065144074,8.443771065144073,7.346880415677631,89.61841544719616,89.61841544719616,0.7333234405644673,74.52607001803243,7.452607001803243
92,2025-12-13 09:29:45.740879,20.070516417231524,20.070516417231524,200.83178432758228,88,10.89887602058611,79.4281700063207,95.31380400758484,0.8319333898799199,84.43519877526356,8.443519877526356,7.582834779324724,89.61626611761018,89.61626611761018,0.7568722274407681,74.5237339926391,7.45237339926391
93,2025-12-13 09:29:46.740879,22.459693593774492,22.45969359377449,200.82596340198526,88,12.196264512555862,79.42519820697554,95.31023784837063,0.9309643375440455,84.4323878926019,8.443238789260189,8.485497501036063,89.61386093124368,89.61386093124368,0.8469672426385212,74.5211198962112,7.4521119896211205
94,2025-12-13 09:29:47.740879,23.23101754593757,23.23101754593757,200.81944955849565,88,12.615110649870267,79.42212434960472,95.30654921952566,0.9629340988343389,84.42948048288319,8.442948048288319,8.776921299095276,89.61137314175981,89.61137314175981,0.8760514981376833,74.51841603356263,7.451841603356263
95,2025-12-13 09:29:48.740879,20.649193527268736,20.64919352726874,200.81271201293006,88,11.21310124529842,79.41939211245918,95.30327053495101,0.8559147540636292,84.42689619920546,8.442689619920547,7.801490270468767,89.60916183499381,89.60916183499381,0.7786872574379221,74.51601267782979,7.451601267782979
96,2025-12-13 09:29:49.740879,20.955742927533567,20.955742927533567,200.80672325764837,88,11.379562067746424,79.41661931468438,95.29994317762126,0.8686196843524296,84.42427355523097,8.442427355523098,7.9173161622855845,89.6069176977596,89.6069176977596,0.7902450131491293,74.51357365001144,7.451357365001144
97,2025-12-13 09:29:50.740879,22.609737898887943,22.60973789888794,200.80064559590508,88,12.277723541535245,79.41362766664794,95.29635319997753,0.9371763214388391,84.42144391657928,8.442144391657928,8.542223094392993,89.60449643271016,89.60449643271016,0.8526149415208638,74.51094212241415,7.451094212241415
98,2025-12-13 09:29:51.740879,23.66353611867975,23.66353611867975,200.79408823658702,88,12.849960357984152,79.41049658468937,95.29259590162725,0.9808543713180016,84.41848239975766,8.441848239975766,8.940370497635675,89.60196231408838,89.60196231408838,0.8923508917419216,74.5081879529952,7.4508187952995195
99,2025-12-13 09:29:52.740879,21.978227998512335,21.978227998512335,200.78722525099093,88,11.934785919469672,79.40758849845169,95.28910619814202,0.9109963374032672,84.4157318069515,8.44157318069515,8.30365052523968,89.59960867164925,89.59960867164925,0.8287952163997142,74.50562994306804,7.450562994306804
